feat_0,feat_1,feat_2,feat_3,feat_4,feat_5,feat_6,feat_7,feat_8,feat_9,feat_10,feat_11,feat_12,feat_13,feat_14,feat_15,feat_16,feat_17,feat_18,feat_19,feat_20,feat_21,feat_22,feat_23,feat_24,feat_25,feat_26,feat_27,feat_28,feat_29,feat_30,feat_31,feat_32,feat_33,feat_34,feat_35,feat_36,feat_37,feat_38,feat_39,feat_40,feat_41,feat_42,feat_43,feat_44,feat_45,feat_46,feat_47,feat_48,feat_49,feat_50,feat_51,feat_52,feat_53,feat_54,feat_55,feat_56,feat_57,feat_58,feat_59,feat_60,feat_61,feat_62,feat_63,feat_64,feat_65,feat_66,feat_67,feat_68,feat_69,feat_70,feat_71,feat_72,feat_73,feat_74,feat_75,feat_76,feat_77,feat_78,feat_79,feat_80,feat_81,feat_82,feat_83,feat_84,feat_85,feat_86,feat_87,feat_88,feat_89,feat_90,feat_91,feat_92,feat_93,feat_94,feat_95,feat_96,feat_97,feat_98,feat_99,feat_100,feat_101,feat_102,feat_103,feat_104,feat_105,feat_106,feat_107,feat_108,feat_109,feat_110,feat_111,feat_112,feat_113,feat_114,feat_115,feat_116,feat_117,feat_118,feat_119,feat_120,feat_121,feat_122,feat_123,feat_124,feat_125,feat_126,feat_127,feat_128,feat_129,feat_130,feat_131,feat_132,feat_133,feat_134,feat_135,feat_136,feat_137,feat_138,feat_139,feat_140,feat_141,feat_142,feat_143,feat_144,feat_145,feat_146,feat_147,feat_148,feat_149,feat_150,feat_151,feat_152,feat_153,feat_154,feat_155,feat_156,feat_157,feat_158,feat_159,feat_160,feat_161,feat_162,feat_163,feat_164,feat_165,feat_166,feat_167,feat_168,feat_169,feat_170,feat_171,feat_172,feat_173,feat_174,feat_175,feat_176,feat_177,feat_178,feat_179,feat_180,feat_181,feat_182,feat_183,feat_184,feat_185,feat_186,feat_187,feat_188,feat_189,feat_190,feat_191,feat_192,feat_193,feat_194,feat_195,feat_196,feat_197,feat_198,feat_199,feat_200,feat_201,feat_202,label,subject_id
-0.05197212332636375,0.39108554847841664,0.21545393122693968,0.6734736639146616,0.3385888889057224,0.7750265514049866,0.3612760059220985,0.4842509423991325,0.5892669741636611,0.49420583224879044,-0.21252526428837357,-0.08766797773237663,0.025368791697832686,0.23920825984354316,-0.03647035000813698,-0.06756909486476144,0.5813070162045316,0.2892482001244863,0.32018908548459746,0.11082783096843445,0.4248399288326846,0.31514569227762096,0.20631022253559048,0.08638635694016791,0.007568664343921397,0.02959322265220715,-0.18806414581231418,0.037073175613366496,0.4963862828773196,0.19635299329375558,0.2732294673691005,0.19300749899964756,0.061342813919060185,0.4550154521846558,0.20416766628915325,-0.15787108549042042,-0.022007151650796176,-0.08297799840841402,0.03912897777239732,-0.022398670955633384,0.36789047750078874,0.002969728838527426,0.509030936671942,0.3399089107319699,0.26817811934527647,0.0843422099210419,0.3048246674206993,0.20020037452110787,0.0966893308208247,0.12760034835093162,-0.18030830261227038,0.21772521008717527,0.07922258120502788,0.28877351813901597,0.23148213867600415,0.2784719651782569,0.0626724400441894,0.24205899230774944,0.05826825361925687,0.16233669605667686,-0.3028571079695036,0.11349423626347795,0.2518917072778796,0.37366408570051624,0.475722036531082,0.2082428556372738,0.09621323505217926,-0.13040473902437022,0.14709882632744975,-0.2019916477535075,0.266920946096925,-0.08462980629247216,0.19917861026062708,0.44319469519166255,0.532629793392547,0.18637362297752616,0.17853589060664188,-0.20843107662499974,0.6650751336773235,0.39709219386033945,0.060935192203338075,-0.19755937598207246,0.27667952823393527,-0.028018652988267802,0.005124631842951784,0.3023702525020736,-0.08071772526623971,-0.08215275481248108,0.09093579271055706,-0.1682148676751507,0.28276037524737696,-0.19215951550251328,0.055974361691460674,0.004811479322944269,-0.20457027342786938,0.08302131383115595,0.11485955851750385,-0.16942352556812848,0.27726644254113525,-0.48085480969954897,-0.042801863674745776,0.26331513106373544,-0.23744375905036091,-0.0998303700014443,-0.2529789516232091,-0.8692325587080674,-0.1619981930576931,-0.5642875255378497,-0.9376022690181096,-0.9426779279503383,-1.30114669958467,-1.5444252286313491,-1.8019558640166404,-0.03531327373979804,0.5584442240829334,0.7461236511831161,-0.5002233748657803,-1.491870550642597,0.5683158352297036,-0.7617130990609957,-0.11022622909421027,-0.15664599651145564,0.43794586974612093,-1.310933775690552,-1.196016794507689,-1.3516915780075685,-0.498151098412043,-0.3827436491651534,-0.912598282720577,-0.8113026393625971,-1.0247202782285216,-1.152246462195488,-0.9069677233922876,-0.6187106828809291,-1.4236409513413344,-0.995612749848842,0.3934356914858354,-1.0994123371640592,-1.417268572815206,-1.5704565643230206,-1.575871417009549,-1.3364656488318836,1.3381691321980174,-1.9868133969004633,-1.0605071608278704,-1.088970849055827,-0.6273601282811064,-0.30677752572403677,-0.6290440261655863,0.604370416718199,-0.6313311218007367,0.08429511268470077,0.18517355586547235,-1.368200890599418,-0.39812168467730147,-1.3789633893124968,-0.8446846589610058,-0.9129846263688534,0.34533513453105175,-1.295123370924497,0.4255975905289821,0.42008305649118877,1.7097856406788785,-0.0832506034191721,-1.2066839357509422,-0.5933105769445894,-0.3898476306533927,-0.5972170407704533,-0.9686703218665201,-1.4707569461297096,-0.7904902608841803,-0.9093299064401791,-0.9022195299528417,-1.7022266317474508,-0.9242068805172198,0.02336152314657346,-1.0811203335777189,-0.6658965294349684,-0.9702736073124802,0.66032884019204,-0.7677667506029432,-0.9682354994474147,0.3205233950453616,1.3180171776405873,1.1294985879466375,-0.288419929483279,-0.8300636425225484,0.9675140957116523,-1.0086707676416482,-1.6529875356141104,-0.23002293522364956,0.3217618216593037,-0.8248211585755085,-1.718873732489025,0.603648630151228,0.6211792887231884,-1.0615826044282481,-1.1149455946279967,-0.08836810589464555,1.0911191634287452,-0.6428377002974962,-0.4418475257896182,-0.7832473807357507,0,يمان
0.4272970105950717,-0.630183007090985,-0.18090812512552223,-0.18277966986969074,0.1718801146876604,0.06124107628729024,-0.5256543283915701,-0.24974772152323524,-0.13894237729018485,-0.13396647360890326,0.2434802642009957,0.12721084923872292,0.14840599584652323,-0.05167464332491261,-0.09298743657892522,0.3508452464477086,0.512953357956897,0.2911681676430923,0.21730780980465325,-0.08798685008568857,-0.18747869181732468,-0.06960669223713987,-0.12367584089090984,0.14888981097774154,0.31460135124062394,0.1242312129107514,0.45570352949933995,-0.04340481717938436,0.4626003161819013,-0.15862641955475537,-0.022909248274394577,0.03514781471132367,-0.14733844500349175,-0.2290787858318373,-0.07692812796274252,0.29779282561359705,0.3180419501479048,0.1822326445656163,0.3178805920744118,0.18272350199245135,0.3286007613826473,0.5395360253329894,0.3502095091228709,0.0544721231892971,0.18389555832014465,0.35861233792256736,0.11514501039119784,0.03831626183495971,0.4064360082019332,0.27334779268432763,-0.22209679147501865,-0.10044124695045589,-0.11406584633139827,-0.3243133635596506,-0.23316980434297058,-0.015852885715802918,0.1200058443124692,-0.18010194736386206,0.0042072396497663195,-0.06804077682105122,-0.2001634906443123,0.20240667670267726,-0.12814703357566273,-0.17680499120592738,-0.16723846163996547,-0.20465649863210889,-0.08173604509532378,-0.17284215430216704,-0.07430248921500131,-0.10299295748309176,0.2232972414906225,0.07017170596660192,-0.01243558170984889,-0.21879739099463452,0.006796340106502852,-0.29376507368806976,-0.14979961155625157,-0.2851140283169808,-0.17769688138999085,-0.3537177350861325,-0.27569659274108615,0.047585013856223664,-0.32179150621211994,-0.248946067550242,-0.6125000096844607,-0.39996267557869647,0.13935948231259748,-0.06623118342092481,0.026240855971412267,-0.06002039295943401,-0.1622417909959737,0.020656545391388517,-0.04925301023208317,0.0432480663541707,0.028151972426868517,-0.32159598020571833,0.04859495505277776,0.04820165387915055,0.031109890288454668,-0.21853922567108827,0.15054714655560059,-0.12283792155729785,-0.0024819386553824813,0.32348816307394085,-0.2577333763154932,2.0942252678082776,0.9426541975121092,-0.06739340865852866,0.3551174008262461,-0.9745493291398132,-0.9642681145547295,0.2914487148767083,0.9972897652635457,-1.1023183517725061,-0.599453235436431,-1.0449532242569388,-1.3213856108405517,0.46028454710865807,-1.5868027449847162,1.3358581589374745,0.2921226782272382,1.4509136413320405,0.3077694309387781,0.8662879678656861,0.9330455703654077,1.3858707442332492,1.703452977824675,1.0629888954495201,-0.6340204561658892,0.42544646838011335,1.3332400600382337,1.2853391786598785,1.6368977565689409,-1.802911014508314,-0.5196803202566653,-1.728656463588655,1.0156209761752775,-0.542714050057201,-0.6692615830356817,-0.03732078782727314,-1.0964193758497198,-0.94301781436671,-0.4302742713052066,1.1970186929904245,-1.0501992982928323,1.5721558008133332,-1.309432942118832,2.02607233108155,0.6021327698367488,-1.8394370086155982,-0.6654277894227983,-0.7874455710175278,-0.9091970817164178,0.03458163657793844,-0.8780177465048018,0.9647726072131986,0.20549939604995193,-0.9575691845989913,-1.3924808219393636,0.27202223588594454,-0.5659901243961017,0.24927336808993827,0.6243830535150934,-1.2473047317044368,1.1253356748268861,0.7264904329694796,-0.32987803436489876,-1.2921101979044551,1.538731194757441,-0.5087885463492757,-0.6671637774533314,-0.6893663258707153,1.8926844429243543,-0.5829596342286516,0.12554879491897275,1.6061893184676423,0.7742922322263581,-1.1272514354136245,-0.6135876474292402,-0.7078889018560657,-0.7581501339087445,-1.2014701896553264,-1.4976214741352774,-0.926382899166571,-0.3230061154249074,-1.3332617081367448,-1.21330605767168,-1.203915673518975,1.838298621504356,1.0308035709888905,-0.5111228124075128,-1.6160556594307696,1.8201584539903,-0.6533002011377417,-0.042056476254727124,0.13555276306220337,1.5933670863332747,-0.07655032367736797,-0.9814026234189948,-0.37207949667893275,1.6002553164775595,-1.5991749138883926,-1.3136422019865643,0,يمان
-0.36224932258010495,0.41412347165706304,0.06276518440309302,0.38616575948330223,0.00929939972579555,-0.4324062392903477,-0.08361812577707879,-0.020353377645607733,-0.3572544788906111,-0.13761485549334015,0.19322017113560735,0.17439034484866328,0.055190291638309595,0.2599560778693991,0.08705496595443594,0.17568774202702098,0.7736661892222952,-0.03348138409429377,-0.3881325063570076,-0.20176250212031344,-0.21227942702709332,-0.16648112583371827,-0.04884911293390092,-0.07083526362802424,-0.048016867944056255,0.06718243004984696,0.2911734702144165,-0.1790190122169772,0.15231423132236693,0.06723807045742473,-0.21284029959195483,-0.22512711624672752,-0.12611026581979298,-0.3995589122394901,-0.046321046925539275,0.18888579512834408,0.23875570401513052,0.3330968977627458,0.20868378517682987,0.08412177691073958,0.12138194994426466,0.28551897390564795,0.233432685608203,-0.06720965143651149,-0.019601053485519864,0.3572968896761113,-0.02893110532519351,0.2436109967152474,0.34840725730200633,0.054440942542574006,0.1279496214455678,-0.02632265157542138,-0.016100094899841842,-0.13800150497695662,-0.20819729553837524,0.00371014001744028,-0.19445959150701012,-0.30852714358034483,0.08119976406162324,0.06248416828223479,0.13435576624100373,-0.18322920383265606,-0.09919384682377773,-0.08450036910190188,-0.1580394897677726,-0.33768194166478177,0.005189410655920324,0.15985734743082083,-0.26706830066466747,-0.048285006701104145,-0.259362352646257,-0.3659571907731982,-0.17608687232872527,0.018911907433019848,-0.3014552049161133,-0.11411788618916181,-0.22949491606558814,-0.37173081080238024,-0.0817350174620374,-0.2975080687676624,0.03443073840064522,0.117774134295354,-0.14613972827061117,-0.13127228690623727,0.15638379461292595,-0.40337648026605727,0.04757729407901655,-0.043001662103253464,0.07303420714994727,0.02632850736689337,0.07678949362808166,0.11500688466450026,0.14958693538790274,-0.007746875761588286,0.25283668097295386,-0.0030768498418864893,0.06361882371000387,0.4383570127268836,0.026897547138672012,0.05027657396522658,0.017786464726250586,0.0009168924287570632,0.18880352203198839,0.16328282329889443,-0.09307640769848462,-0.5279996735281565,1.6101017881490207,-1.27917190619091,-0.6629831373355566,1.5852386877753735,-0.2844492581009148,1.5714298838718161,0.4116691637436185,1.396261134591709,1.9515123199355886,1.5002733693106889,1.3382725300160276,1.68312526792236,0.01948744699295531,1.2950535797528249,1.3998921077051318,0.42239213344592175,1.8157399538813563,1.4214347628880535,1.597009962705375,0.7997382574197647,0.034157115050105546,1.3106129684864414,-0.721154521493052,1.9853974415303923,1.3596425281607902,1.246699967360683,1.056200473751046,1.0399565131391373,-0.16980769952080582,0.914949175454537,1.3277096273676399,1.1415604404039836,0.26812374589247123,-0.2600038065719418,0.96465544410212,1.3789384400261648,0.809770749062856,-0.06424570444472763,0.14722348270493513,0.035696511495330624,0.8139986746017721,-0.4048354919941545,1.1472969031879992,-0.5499124749950521,-0.9323860577311344,0.40112316444132995,2.113809662112163,0.5491491457912263,-1.05333536837966,0.5181504708967448,0.8437714759532764,1.9090078911896136,-0.6172792790953731,-0.5705331701797384,0.4781700510856771,1.874229173624399,0.33861923883570166,1.7029191795747856,0.5880613810874928,-0.7364132440062863,-0.07785758759800626,1.658437422137973,1.1499616805506536,0.6953793413719976,-0.2948514838784126,1.4128431730371793,0.4549251589009293,0.05534430717114254,-0.47292947635604116,-0.11031960070342031,0.5937765168074256,0.9608525746417301,0.12496894361289289,1.3893230057735035,1.8479795386525097,1.3789393232800284,0.14590671413968268,0.637792987280758,-0.7143030447509139,-0.3662621556872383,1.4981571331457362,0.7844705992460405,0.45837509641467844,0.34372691633350505,-0.5352002398017015,0.4863406700768046,-0.17813314667420474,0.4843906759558395,-1.6715872307870874,1.1924625984543225,0.9042774789308413,0.5993279384615884,1.2932566322281733,0.015404693794163841,0.6966249609477388,-0.073005694241369,-0.6072357066851277,0,يمان
0.40532953395052795,0.2610861026538204,0.37169042798403035,-0.011761046715846199,0.1378448729082149,0.21739750451910606,0.532093715771866,0.17480051128790322,0.20334724717383093,0.2995951151060207,-0.09046390725324989,0.013090427288390546,0.07482924825194955,-0.19174534662800694,0.12610398213163407,0.22669794459792178,-0.5425123879825196,0.19287994864264368,0.41014374481987625,0.4373901977580545,0.24455319424472938,0.41099221139612685,0.5022953383298621,0.015421650134564162,-0.007930626666503404,-0.02290576164189581,-0.1201159766721226,0.4181057173067482,-0.33207740750203674,0.20506688672957285,0.2632662928146665,-0.03687033471531934,0.44604602222888895,0.49368552145010947,0.33373399738821796,-0.12226363658876817,-0.2512443625893728,-0.14332853681795674,-0.009983911806395308,0.46691928493309065,-0.16588312150505707,-0.11031799262354511,-0.14801700919786373,-0.009203478168020349,0.11700168368931566,0.010363103821625955,0.07228344950226548,-0.053886979387460475,-0.21853874983639,-0.18501472230629684,0.44836093733727644,0.2296241362383062,0.3256177986179683,0.3713089071451308,0.10783402163691856,0.09832216297902659,0.1309999532457477,0.11867357457299581,-0.040469389728463444,-0.08388419178704384,0.17211200013970504,0.2523975969995355,-0.025947601715068824,0.10663349628398133,0.23647070855798355,0.16651583567542175,-0.22516805000896642,0.2360306006943618,0.19204005714381883,0.14346420036833393,0.09870056463092891,0.42759344088023293,0.066586198130158,-0.03668817354666585,0.02170552100964366,0.3250663021315204,0.15185895263473817,0.39146926078599176,0.0045199554819513954,0.4052795066019636,-0.08254309720755301,0.09090240720548702,0.2799402716672579,0.20132034134639623,0.43698580592976943,0.5557843584059593,-0.12619453132906025,0.036956939834063514,0.0697845975537396,0.03334907939734358,0.2391494186967622,-0.033776308592326734,0.05433492323013067,0.05532541480853868,-0.09964619716580564,0.27911290409776973,-0.02839303315397722,-0.3206687175805372,-0.03799042798159685,0.2433160316390111,0.1802569636192652,0.19598356663398744,0.04810967461595963,-0.1970355387693754,0.19247011710380124,0.285341913181767,-0.3504923819047463,1.525475022186071,1.6490790107434692,0.9005838838181492,1.691869486076353,0.718783161340121,0.45245278660247806,-0.14905453332885263,-0.5027274694962267,0.5646503761084579,1.079729139775371,0.1328842253307704,1.5432728547962722,-0.5820028669494002,-1.9632770386729328,-0.2917677525633337,-1.2246973815917255,0.4828934799037289,-0.5881783588102172,-0.2743990551833592,-1.209674568547532,-0.5450052740160061,-0.21668962609712605,-0.8147954927039971,-0.04214317193642328,-0.6660336505215082,-0.5303136262355855,0.7431627599230417,0.5845968345017072,0.7223721686250455,-1.4984571033714804,0.9610737339338083,1.5694178356227482,1.153150388224871,0.6850212207998588,1.0880473237970594,0.6883788789784508,0.4578266856750197,0.5492826398607286,-0.2963250740575254,1.6001975203070589,0.30334250856774353,1.028180052957735,0.043122510413151925,0.04557790332121122,0.88285808649526,-0.3768594050990808,-0.36363681401401843,-0.0957138028445811,-0.021476379211037063,0.7117193247031582,-0.007715679788245844,1.4002532959663088,1.6131508416998404,1.502288844361065,-1.023622857921065,-1.0562508749749198,0.7181453608608538,0.7624201725397289,1.3954386130110137,2.1838665139604236,0.8618662678461971,-0.07718229359995253,1.7305202100167918,1.871579644656669,1.2323582284447148,-0.11209507878408469,1.0258023480136427,1.6657960541289736,-0.2035273744719655,0.22512386850949226,-1.1400650373455328,1.7146468338748166,0.7025578311181656,0.16967267827959914,-0.12080125271022901,1.6427398636329253,0.9150276408572305,1.4447128130686304,0.8647609104973863,-0.8083751594443334,1.1840802336857121,-1.135820359236168,0.09070962937041413,2.224762979559128,1.4414050491492778,0.7126635307122419,1.007652494400701,1.2396365357887678,0.6158036620298944,-0.4889210823326802,-0.3646599654573985,-0.4619398425740188,1.4825805571491155,-0.005629573168397221,0.13271087648521304,0.4728781550507214,1,يمان
-0.31955162256174924,-0.4813713272421673,-0.3400385842754394,-0.5190465314891218,-0.29599753829065234,-0.3723338925877632,-0.4760177366135702,-0.18424323142962173,-0.17298824892171313,-0.36721501265645856,-0.2069795245983864,-0.35644436518604083,-0.260281447143633,-0.23767233960087517,-0.16154708357496764,-0.6491081430517007,-0.5390273225465985,-0.6650550275441085,-0.3490796133534752,-0.14555176038370274,-0.033198661994007714,-0.17354243881528034,-0.48671138823233656,-0.2014034552308941,-0.30922452282942514,-0.34859456332089145,-0.4948886112877372,-0.31157678999055544,-0.47867531724607026,-0.38766531508606866,-0.22794701707592852,0.07188178389180828,0.15323636388824494,-0.23077490054095695,-0.22152792002535382,-0.059363331416226954,-0.3753496060624162,-0.14771900345805042,-0.41833467806337915,-0.6653921691203801,-0.3454964239171218,-0.47103742869896126,-0.444626661189148,-0.08376345200119467,-0.32155832479341667,-0.6071719220509498,-0.4275580037659427,-0.36043523606114436,-0.42413540991322163,-0.21882768469158662,0.02732656127633151,-0.30093656806850116,-0.1566254529570669,-0.005834141529897728,0.09687381944507101,-0.44107721021470037,-0.24407283103090588,-0.13652196848645465,-0.04554201561030879,-0.1306809613146923,0.057870875033286286,-0.35298453530303275,-0.19549503391981907,-0.1300498336742137,-0.3491691347809332,-0.22539419907969818,-0.015821038503679098,0.02347047994251128,0.21711084776888037,-0.15575618502018712,-0.26596836572744403,-0.02778548055482246,0.040245079552818516,-0.022871355893221344,-0.07140008563908185,-0.09898318570071196,0.07594246611466109,0.07532805043276265,-0.3405761248453593,0.008481501512537579,0.16022590491835517,0.01797419012197722,-0.14094282506573766,0.0656379281396578,-0.04551481312795293,-0.21654813362772396,-0.09717814330879582,0.033181627100971944,-0.033741497555931,0.03543683196849208,-0.19394510818682698,-0.10820918985150355,-0.17607985512307672,-0.1396670594841796,-0.0822264687058897,-0.16858275768318787,-0.09032826738039779,-0.024579091391302838,-0.26001844498989496,0.29759393688681784,-0.22558526519167962,-0.2103530037205217,-0.04570047689607757,-0.24126684240213864,0.23284825338104384,-0.40183481484099864,-1.3999652331416337,-0.7126908114336291,-1.1383775689571092,0.29704930643610866,0.6103714589921667,-0.4645931062312174,-0.8611170238157683,-1.2392454813285578,-1.0758719360744131,-0.5497471360062457,0.36100246939858827,-0.8417845450523123,0.2886157147474747,-1.2724653380929585,0.2790424419274872,-1.8507802034310559,-0.5606168594992488,-0.4042659658677722,-0.8849952907579508,-1.1106880722931414,-0.8471093147941277,-1.6349515364145115,0.49661549636261004,-0.7439235013649389,-0.8081968906756254,-0.9764130811600241,-1.023285021231592,0.8335788581057388,1.8045509923414536,0.35529754905664823,-0.4798150517335979,0.8099137132752859,0.8235931303316124,1.3267396917328929,0.9539185206665151,0.23917542921078896,-1.2079332860373004,0.6027630937475137,1.8136801535089797,0.9443306733647319,0.28790161929756436,-1.1526803739445772,-1.6034936075723212,1.3345620119113344,0.11627771511813757,-1.7505187159170543,-0.41744976941534045,1.805710711352987,1.9236278981790935,-1.2444313517595942,-1.8009065074821418,-0.5652224732592777,1.0167056599298887,-0.8223790818181833,-0.10760429378904826,-0.6088011843368358,-1.0819964373454494,-1.0073306723530415,0.2443767913668809,0.6801980569492194,-0.7317027006247807,-0.6906476949690138,-0.9112897158686533,-0.21482173535896493,0.7569127395467844,-1.0869342414828282,-1.1643349200832471,1.3028740760275483,-1.2104749065294262,-1.7759927950827283,-1.6156850016798767,1.2288705780098608,0.7923789899336474,-1.5462927606785801,-1.043057599511718,1.258107010805651,0.3055831999128461,-1.3397444756975265,-0.11982110712596707,1.7075621802900245,0.7882337553885058,-1.0861801519748295,-0.2899441335937103,1.1090276949752824,-0.46765439314179796,-0.9372205134679902,-0.37969042676175685,1.1405505643122376,-0.8693496348329006,-1.7849791904808106,-1.1173577475485088,1.8570193625794593,1.3671670110532548,-1.1954999967074542,-1.5929691015645158,1.7849064846510119,1.6538088816590575,1,يمان
-0.09885347489135313,0.0452592122732268,-0.12896283376637857,-0.3460521721030044,-0.36161573624072846,-0.2489249990460161,0.19192047077401755,-0.2047071199772292,-0.12342911457037006,-0.15500460291220602,0.07326826152242098,0.12942072270653812,-0.043512881168811905,-0.018072009437800796,0.07784592264166104,-0.03655369030069385,-0.7863868531386874,-0.07475990288277812,-0.21042851971706966,-0.11291691401993045,-0.2364363427211551,-0.3165076465390256,-0.0493692162533692,0.021540900796913606,0.04300200224337115,0.15049346387432988,0.056191736532616436,0.07882172559288896,-0.3005481065421121,0.07763378605933506,-0.07279919415978808,-0.03803964654303144,-0.3871764902821315,-0.08928837424638626,-0.1931245660143096,-0.14718056665650392,0.09180346672149452,-0.14130400020174128,-0.13737476283351838,-0.045973715818538666,-0.3064936421934226,-0.2466693053091577,-0.500029462611787,-0.23420445263556813,-0.22791598518355377,-0.20344261834993205,-0.03576401764759595,-0.0678054163185911,-0.20885843607652166,-0.05154667642480756,-0.2012320284893141,-0.019648878237346228,-0.11804898402417702,-0.19193341501675248,0.005177121666683315,0.07642582955408068,0.12485418590505787,0.2644184938045053,-0.057663850353035576,0.05778506632253365,0.138681956405918,-0.03208476916602362,0.19689181133190525,-0.08894238468421788,-0.03774565624668987,0.39297394896707283,0.22132248831198167,-0.11611153512249349,-0.2148789419801119,0.36556159776270825,-0.06358803119075143,-0.019392667011739074,-0.11748743385028565,-0.18374968165561517,-0.18827636328970399,-0.004573781997274735,-0.02704278181270726,0.39847860553875386,-0.06958706144635406,-0.1596273961921785,0.10264785384483699,-0.07667637034253624,0.05225425755216204,0.14127873618022505,0.05952059119678424,0.1617326814669438,0.1171536225161281,0.12124703300597978,-0.22625395745401738,0.13312084099878915,-0.24251239016759765,0.19848158365859545,-0.03456335466485575,0.044028976001544956,0.10545428653371818,0.1311213679503413,-0.10835203444310651,0.028112667832557166,-0.03726500552844517,0.10820749131941297,-0.08020344494249868,-0.12702466346171862,0.0487129763943102,0.05136176756462437,0.17847036343729597,-0.5805001339128226,-0.6403001775570566,1.0980686296348467,0.7347665637410624,-0.8656446209394786,0.24762312717179408,-0.5726434252260837,0.801661172222766,1.129670505578005,-0.33190390301145467,-1.2163470363390803,-0.9573951534836546,0.0573610553331197,-0.8328891067816891,-0.014730434586944957,0.1024460399072844,0.425888177727882,-0.7761410134752802,-1.0554164690991423,0.13913491100507383,0.5511697038310549,0.8173248888789219,0.18909859565971113,1.9878473901140359,-0.04082227647897489,-0.8178222473584537,0.26265404785646285,-0.23253185946052232,-0.195076433778672,-0.27601885572435336,0.7316503203012648,-0.7584941399236774,-1.2704215003918184,-0.5746045559959442,-0.612108921235529,0.06869560729077645,-0.42667772983541796,-1.1981112028968184,-0.20654937106776666,-0.3994798169539413,-1.1668870625600392,-0.7653047438064603,-0.4651214479865248,-0.5450720922445703,0.4072945445679638,2.0672893505153196,1.1696879233132924,-0.5954769617467952,-0.6576037891087162,0.5015607042272509,1.161948042173183,0.8846009697367611,0.5344840728257506,-0.7525339893925123,0.8028625453366318,-1.7324620677905724,-0.9111615559476249,-0.5345406207093031,-0.08317853295898801,-1.5135100840700468,-1.472403281978833,-0.6545805607193459,0.059671243659752966,-0.731550543972969,-0.231532323550838,-0.87598686198753,0.040429072311827255,-0.16896007300511137,-0.09883446523623016,0.8162664143547385,0.46028892864389764,1.1036127177143191,0.7434898495425377,-1.0481335126796365,-0.498028014549062,0.5513222670912971,-0.34653939227270764,-0.9171316985955394,-0.6047104309144804,-1.4170811337134757,-0.5843792974801534,0.56535397110433,-0.6459691031496015,0.13776154255249357,-0.9212802760539793,-0.4807625989844655,0.30376863201337306,-1.1501772526910716,-0.26041980104201007,0.7397081759347157,-0.7800191217887954,0.17021686904532396,-0.900191417278282,-1.1287130713937665,-1.0215249209856359,-0.05544390239489023,0.19641077278315153,0.5774382526976654,1,يمان
-0.6155244480714284,-0.1444644865863786,-0.11938459189109371,0.6668964949924271,-0.30090143539606246,0.027743294973455564,-0.03179332322589448,-0.4433950928087051,-0.17788199924539919,-0.19530141515095356,-0.1469709285753576,-0.1619225534792268,0.09678701763504431,0.23944364284772043,0.3464768447674253,-0.3872882559282443,0.31270339121557195,0.08250245922081413,-0.13923687714598268,-0.3255504203302992,-0.25917869865780746,-0.22079287713158358,-0.35271756098786067,-0.13367714632091923,0.02585522333885471,0.2484666840207349,0.0503841620282956,-0.12344454829319765,0.2298179888115896,-0.23294823229718598,0.06587022335466824,0.09452793285626124,-0.08150109081891985,-0.27619818995759604,-0.26500015429328494,0.13820235818124754,0.3817818944764203,0.02686026793558205,0.052908782714380945,0.09919241351156773,0.36417205948270903,0.12368706677732913,0.5844038946472326,0.12056907950004651,-0.07595816328643719,0.2013057320969946,-0.09281585833715036,-0.03681913566751603,0.2639486952491914,-0.31908543059797917,-0.24010667265800442,0.23848154744664227,-0.20151361508341437,-0.43783274744697664,-0.18552473391793314,-0.2116906994153412,-0.28710440474563137,-0.01721893371607388,0.06103138081646278,0.1336518063831568,-0.4984789264378513,-0.2160451456336418,-0.7147938139094542,-0.4574394468645435,-0.6488523287571817,-0.2925664016619338,-0.05912612705406141,0.1887121596583369,-0.032130886558001975,-0.2703580976226915,-0.3195813490531434,-0.27427726677317127,-0.26467572416360197,-0.17018273234446454,-0.27276746677616964,0.12800590624668212,-0.040708440291001215,-0.4070454229604207,-0.2512469730658366,-0.8751911795141771,-0.20409753791178972,-0.1455056194234944,-0.3287465652259639,-0.052065739479383255,-0.5863802038092645,-0.6431096156308841,-0.10297274795559834,-0.30995975033554307,-0.25008508214691577,-0.08448615714370554,-0.3617919639291855,-0.2326897094387711,-0.12536464472003525,-0.3739665647658894,-0.0460203509513786,-0.06101802556246161,-0.2050700141070049,-0.1598876597719197,-0.1406575363054908,-0.16443650572174773,0.00014805975787907116,0.0943270289392428,-0.21089092571808776,0.043826285338529954,-0.1816634841853445,-1.1918182856262785,-0.21306142414741444,1.8259377386650066,-0.5255393565431462,-0.966375849488001,-1.467162989755277,-0.30161389434799235,-1.9316043399341563,-1.3367486425555373,0.93124421317699,-0.8661373120562915,-0.010219185753486376,-1.4730115034280113,0.7812541573263431,-0.991874767544644,2.3031329810085026,-0.40774166361372777,2.3297780252227587,-0.20374812341515317,-0.8622343647854819,-0.8399299590725416,0.689444286034585,0.5788863198878049,-2.521962840594167,-0.5499235181174236,0.7098071624910425,-1.776670122361868,-0.7156935746451113,-1.1106953567994884,-0.3449084067263982,-0.9627417460942244,1.6739586366898767,0.7396786782372753,-0.3088154434941787,0.24337150616913242,-1.1775516183835328,-0.5511086023968313,1.5164384707990686,1.582282505573394,-0.6619317725386269,0.7085063855353829,0.46096147901188017,-1.3258376410343804,-1.8376462963134548,-0.3863037723529218,-0.9697074816307775,0.0877529754160351,3.7643395661001544,-0.6348957973702396,0.7697543604193449,0.6595295909230718,-2.058430932100746,-2.1976564250991033,-0.7868214902145431,-0.6492281803561221,1.1368141035525834,0.8766690964243772,1.4998533656854427,-0.8726925115169651,0.8105444728866974,1.2232849412259847,-0.6236575305540715,-2.0734125634259923,-0.700757921754789,0.5083896717611236,0.9201202862070748,-1.5435688013902158,-0.6961076831720379,1.2045572810581024,1.827512138869044,-1.38215232177042,0.5247485484965174,-0.6252664451611362,-1.2802421057584448,-1.105118605697359,0.37222627326529834,0.11005672060943981,-0.36440869999578335,-0.8956548903269563,-0.05621116450566275,0.7517732969084643,1.5935212080212104,-0.7674466481653871,0.21070566535188612,1.5391445089242326,0.1530012650805875,-0.6674742928009523,-0.20728984504091308,0.2060652746579583,0.3712376131197898,-2.0071003104001996,-0.8254675643886038,0.46410685905340865,-0.1786004739772013,-1.2761442433173575,-0.9131724049356758,2.0750445961523654,-0.8912970374458922,0,يمان
-0.034055964022091656,0.03812425255679536,0.405607853672427,0.18102641867234526,-0.03915229966007455,-0.11692070071853461,-0.32731005062255114,-0.2819768697115967,-0.4290622549881702,-0.16794120184210393,0.24252870225166256,0.05221950418420064,-0.16365951085009722,0.08444688500999743,-0.03737314909516184,0.0703247846959751,0.6287028563767983,-0.04487638073516517,0.04608426463566067,-0.16268630975709056,-0.3576128964763872,-0.007954578126608632,-0.08528048375911813,0.17837411196171432,-0.10175429411374684,0.2745596564585737,0.04601646926725173,-0.11590925848649032,0.35641611778580523,-0.29404461754052535,-0.02849961707277942,-0.40712859237676957,-0.1873350437156893,-0.47471166716173346,-0.1770329355526774,0.3884454910665854,0.27379343035743386,0.11155283789582666,0.07200189996603647,-0.004380943952937465,0.0074161908163920265,0.13109771577006482,0.6931362723709041,0.11634031109678447,0.19991374396587844,0.26512331011467644,0.09260204125867377,-0.01125270373056848,0.2268635331907903,0.20938780503323473,-0.12526753743630173,-0.005165280132686381,-0.5500106781637746,-0.14254305295700653,0.043535354348939834,-0.10378016995416534,-0.10568296542281501,-0.10829155744222237,-0.349069986482176,-0.11311235298981627,-0.019237501691173175,0.07164456341865655,-0.3725223307642698,-0.04794422303435179,-0.40266266069085516,-0.16726114323690344,-0.2676531598668024,-0.017359488498381995,-0.05659758840488144,0.19107291999599563,0.00043187672009439447,-0.28111571108957456,-0.2615924160474426,-0.24758933786855492,0.07030300052407289,-0.2626341480448836,0.10882530533971914,-0.23330732016928335,-0.25775121671360296,-0.21259534694146615,-0.22943222666136667,0.15150678152323238,-0.08966274171214204,-0.2203811015449706,-0.14794518479943264,-0.06764529441109322,0.07994917493957965,-0.2811688227171141,0.10535182313979158,-0.12098419953019753,-0.20166347367483087,0.3498012122132131,0.0288869079382966,0.20944590717545597,0.15985445659597977,0.07342507734979407,-0.09271000373004445,0.3806844569011236,0.03911762474870044,0.11204011782066264,0.2594468624949432,0.2988221366980431,-0.17092613259725592,0.17050412851849836,0.01675279597550452,1.1216581347288779,-0.344098766300265,5.114916954440716,-0.6763748523972696,3.405128236022324,3.794744853130486,3.8043191346000933,-0.5141646213587764,0.6149915552439204,3.1924298357460685,1.7555650988722733,1.5224781437753145,3.277912638591561,1.5974889154819991,1.2845613999382772,-1.226620842418703,2.45009910494409,-0.5945381728127385,1.0621858347170303,1.1977446900010975,1.6765461645594812,0.5321625682657627,1.5831081187259002,3.89062014613258,1.417972939990176,2.2834390375587597,0.9106497173531848,1.3043444115177407,-0.6186377580385195,0.14686120040969367,-0.9500833431634415,2.4665907335182387,-0.4220194749103289,-0.5256016331008703,-0.4577657787737877,0.5353367948983949,0.7620057612797829,-1.3832885139599,-1.721851425082741,-0.9888919505787664,-2.2868839747780636,0.1909288678742813,-0.19513881157183077,1.9181447411212522,-0.24529357901264615,-0.6920813594610034,-0.6128675747601066,0.3443296892992817,-0.08161991157022497,0.4488996514339799,-0.367122813481612,3.3606162754693907,-1.0695532598559945,-1.016790055222651,-0.9474688114241371,0.013227049265560637,1.9244457333461609,0.2381043863748684,1.072126090535758,-0.9830945120626161,2.0083086005320965,-0.23413373890215827,2.056723018912719,0.22408044419223244,0.30637537647259744,0.12011911144288893,1.200261622621249,1.1871658555062685,1.6148345287339103,0.5158600381623529,0.041710662054652965,0.5037991674108973,1.0230618646855631,-0.9234240256953943,-1.2568703546047348,1.6500549961871653,0.1807315977656708,-0.006772280272328575,0.5357836737972436,0.010225019700440858,-2.499477293510679,-2.196255791234394,0.8498902247692268,1.2180083867100562,1.4526279349920794,-0.8001516282555385,0.029162940954172056,2.8732450047052143,-0.04135964633557017,-1.5977072994188628,2.630041199278094,-0.09958346007465403,1.698897774878314,-1.1729447885264037,0.27413940037067314,0.9089303718325235,1.0914549632893853,0.19154654694768392,0,يمان
-0.07886653709023074,0.08171699511646541,-0.15366075402457385,-0.2880837038842981,-0.2735747029693472,0.16402148060260366,-0.22444800434006523,-0.12102219376154899,-0.34711613275457776,-0.17974942697084087,0.0015056503223278255,-0.24162344042899753,-0.18211091408825508,0.019237187405443414,0.009948697669015657,-0.05948540834563925,-0.2906812752003432,-0.04087766967138359,-0.04240551762077108,-0.12786632855479815,-0.1912758944875095,-0.2697487927083129,-0.14832885041246321,-0.06184571093150718,-0.02307584212156659,0.049152824236125894,-0.2520581894877393,0.25559718372427614,0.03683976680352707,-0.055018388970117814,-0.12315432251171449,-0.2460281899700865,-0.014960251480901613,-0.19440407765222376,-0.2932006622502737,0.09526272794775933,-0.20812871964326646,-0.15214936419125027,-0.24531783730092416,-0.4291648358994946,0.001687428026370772,-0.27480634495141976,-0.3990174047683103,-0.10331504155105194,0.1698201198302637,-0.17342039454012198,0.03130822090904927,-0.30285225746913297,-0.3643794102811958,-0.08473794700408184,-0.013896730767331571,-0.21073581475945874,-0.29684267971258527,-0.126408877907465,-0.05783776099569312,-0.026298165217161475,-0.02399044761440018,0.0034648167443692515,-0.08866259836685488,-0.08102666789386917,0.06926112617420405,-0.04523533607291215,-0.1246689183782347,-0.3151160213840973,-0.18066714409460968,-0.21068675839624904,0.19891781425548868,-0.13462626354989277,-0.0865083389761816,0.5570593425613052,-0.42440590566834063,-0.21725693475702265,-0.05151188390375671,-0.16872166832544352,0.011652742749056082,-0.008180334054781888,0.18061150468959383,0.45599177631825416,-0.09150977060251715,0.005642293232751484,0.008066887525938406,0.32287017673821267,0.10346192176933068,0.220473044782617,-0.02000182223065852,-0.007606351258800867,-0.039610508661818845,0.16296312603904153,-0.1721500466121766,0.3012802214536231,-0.19161705948296487,-0.08025460531414949,-0.11829590276265162,0.23397745520837923,0.18655098817120544,0.19559437912975908,-0.3347035119011464,-0.0644624246830114,-0.1755974601448837,0.18632262469684902,0.26019107459776825,0.19163235523291164,0.12533215552640248,0.16628419616232817,0.3380446505471731,-0.33678413004936164,0.6167933997131279,2.049814724814393,-0.444912755347712,1.3581981055557968,2.234655200445188,9.886717916330191,-1.6042154605758114,-0.9711905779763081,7.438596830586103,1.227772601747646,-0.11827522959601523,5.9872455188498215,2.8487044721956427,-0.9325531983118952,0.14193145039495886,-0.7574524852497607,-0.16228255840013536,-1.1123202442617555,-1.0322451520194322,-0.9621990423420109,0.33331915277161567,-0.4406352068397629,-1.5775154042547244,-1.365718810386522,-0.8861952070285474,-1.8748675049893198,-0.7973117229405298,0.8042683716257863,0.12757910312526358,0.24018436604278318,0.7833620300514809,3.0188558136735053,1.3474425470386246,0.6055688647986472,0.489323799793535,0.6307229716823147,-1.002262925609995,3.059531564198913,1.0015509911375187,-0.1769328252092437,2.004670021646823,-0.05045552604561154,-0.36785803874490886,0.7164537888019405,1.3739847223697024,-0.40511177282613176,0.09498501470513979,0.5060381141061598,1.3297323955485185,0.8090635001062859,-0.5348241157284458,-0.5160744081809505,0.2698869932242821,-1.0715222919271326,-0.256774746311118,-0.7338909127454559,-0.29151323606977625,0.32620100731616364,-0.22020864348421682,1.1810761051400651,-0.6010588118625051,0.9824255804612124,-0.5927187543034813,0.25722798723404633,0.9682829277093565,1.559451074955935,-0.19015090921862365,0.46883207291263196,0.4195878388038165,-0.9082239335576886,1.062830357785722,0.04347512533694608,0.8616817586505172,-0.8432607085330116,0.3856046528804396,0.4302894277158069,0.6944443356369369,-0.7500987888381567,-1.3588172396206297,-0.44028440028984306,1.1423152283339402,-0.03142401664234938,0.9898971801734834,0.1991618586600694,-0.31629278027930907,-0.1895177301794066,0.6747252227725116,0.5498806979859915,-0.6211508637291757,0.8935840621777951,0.2573626474001761,-1.0048591457606266,2.1528445980388464,-1.1082265128600186,0.5263352805941556,1.0434444882950538,-0.022405703527112332,1,يمان
-0.161827240040103,0.10109347461212873,-0.02167998073087618,-0.47065987672025533,-0.10314107821700776,0.05932053807735091,-0.0626765694975426,-0.1217850310583904,-0.32781923832922377,-0.2073021763430973,-0.005627314620075095,-0.04652619701858475,-0.1038742974920372,0.04558721691590856,-0.19694126428964165,-0.016605922467364705,-0.7587107798408821,0.07456642504134658,-0.12051496066945531,0.03498547437306626,-0.0911506327424557,-0.3669040901242088,-0.1679711955589374,-0.25069765383802467,0.026456781320073505,0.0017114109307573159,-0.26943986104856377,-0.03022628803204904,-0.17908229527724842,-0.0186292073806321,-0.17613916012808872,0.005400606827850731,0.0665839122977614,-0.17491839733651143,-0.0580764958215338,0.30062784425810274,-0.08201353460684792,-0.3168347328086665,0.09859680790239003,-0.08239369654323266,-0.3337059997060448,-0.1649101134499228,-0.23453768436144734,0.13763549151017765,0.05926745938623458,-0.29312964925753054,-0.10791119212165928,0.04786533790694715,-0.08652257564725563,-0.10062040776164503,0.05726814235515043,-0.3424842844407695,-0.2286385692311407,0.08960057421410902,-0.2374453972727375,-0.3751432883354096,0.030446656282670136,0.0705601124748988,0.13497540283295092,0.10238403083147608,0.31964030620481243,0.15087336736611617,-0.27981253112626625,-0.15813562664487563,-0.17946458419383798,-0.20209124290748168,-0.39749386493674344,0.07799249250250397,-0.1917079307887486,0.13218496365778842,-0.03472681483306644,-0.20387513379801342,-0.23041889328254753,-0.023293378490681096,-0.24608605313824908,0.055970644376602,-0.1254225440066789,0.4929219522534889,0.04712211669033563,-0.18701771053229085,-0.10847713321301117,-0.029215389800277974,-0.08152384121352993,-0.09633512440046707,-0.01314400853835286,0.023664356558705812,0.03220531741333327,0.0872107545314107,-0.024247182826105555,0.131524796431237,-0.13895318111443905,0.21759892525283736,0.06416270916795275,-0.04250139944211892,0.23027654419400137,0.16228004355441483,-0.45659661762245013,0.10217442358132102,0.054628288801349276,0.13528343001353274,0.3113751093629695,-0.0657296177854773,0.02343896676865644,0.0055455165333329805,0.1691060394112264,0.02666149658833615,1.7771625617654236,7.7003850654535375,0.22871474736229003,0.24752059165698,0.23025767217285495,2.042409693836491,0.7074257006850304,2.5713998208533817,4.262276365931588,0.3098901491212044,0.04595744948745486,3.1378942360607978,-0.09611289485522553,-0.2828434992320987,-0.8006288867240797,-0.9333406796000955,-0.856327361408723,-0.29173656450633356,0.8101585929911475,0.6284511529438633,0.4678943791018373,-0.6030226894591324,-0.40296334238207315,0.9731230889150196,0.5786518418775043,-0.42464616898601026,0.515433189784374,-0.9029230757897297,-0.030506071060025553,-0.8180088598517703,0.12681099633425205,1.2772208790212902,0.5492163247958765,-0.23082723062649588,0.2321722279131582,0.1259061321331599,-1.3927607858330968,1.4493288914802973,0.040972691602710234,-0.21835400718249084,-0.3097432520904431,0.980145025191763,-0.2256813477763438,-0.8629788638468133,-0.6151988899298914,-0.7048461344655319,-0.10218687492653063,0.41652537165355463,-1.0066390777923353,-0.0019182468733943462,-1.311258927921935,-1.722187659266425,1.113766870393924,-0.7612544677542138,-1.5909294598102308,-1.0748035348916092,-0.9502706019024831,-0.7322472598998949,0.6998732644332742,1.7966195944759198,0.6790947753042724,0.084126771420003,1.285025145056978,0.512884180786991,0.03713476792329891,0.3117804961025359,0.6182783602180298,-0.07108866983290583,0.467002573246606,1.184780048053876,0.16838683881014702,-0.11494757580509385,2.2415483026924545,-0.8881710464569481,0.5971171326990046,-0.6627139222434294,4.392120761609731,-0.5028965972693826,-0.36945525871463536,-2.290561289203226,8.472059881181732,-0.04449697466767834,-0.11939860329967363,0.12308134221970243,-0.025626363126200494,-0.7323922150680726,1.562884473424453,-0.18651329784707904,0.22982834629297025,1.0861908911172853,-2.129446089886192,0.21676832557737177,-0.10029106709984545,-0.4200855603073955,-0.23012825957860505,-0.11632409219413586,1.4313170145696081,1,يمان
